{
  "sweep_stats": {
    "total_points": 3938,
    "n_primes": 358,
    "z_values": [
      2,
      3,
      4,
      5,
      6,
      7,
      8,
      9,
      10,
      11,
      12
    ],
    "p_min": 30013,
    "p_max": 109721
  },
  "baseline": {
    "p": 104729,
    "z": 6,
    "score_core": 0.007843478004195634,
    "score_all": 0.005949670239292115,
    "rank_core": 49,
    "total_points": 3938,
    "percentile_core": 1.2,
    "inv_alpha_0_pred": 137.03157806548276,
    "inv_alpha_0_frac_err": 3.226173083559348e-05,
    "v_EW_pred": 243.4888524034982,
    "v_EW_frac_err": 0.011092306053536612,
    "n_s_pred": 0.9681774038892815,
    "n_s_sigma": 0.7803342593527499,
    "delta_cp_pred": 1.1928318537856692,
    "delta_cp_sigma": 0.07040324920734894,
    "local_gradient_score_per_p": 2.65e-06
  },
  "best_core_point": {
    "p": 107323,
    "z": 6,
    "inv_alpha_0_pred": 137.5978093229735,
    "inv_alpha_0_frac_err": 0.004099727390823165,
    "inv_alpha_0_sigma": 26752868.522547282,
    "v_EW_pred": 245.86880401992036,
    "v_EW_frac_err": 0.001426350337420346,
    "v_EW_sigma": 17.55979900398188,
    "n_s_pred": 0.9684358820412966,
    "n_s_frac_err": 0.0036645062092409814,
    "n_s_sigma": 0.841876676499196,
    "delta_cp_pred": 1.1928318537856692,
    "delta_cp_frac_err": 0.0026489516842229956,
    "delta_cp_sigma": 0.07040324920734894,
    "score_core": 0.003069384300158979,
    "score_all": 0.003133998673700996,
    "score_core_sigma": 18917134.74848939
  },
  "best_all_point": {
    "p": 107323,
    "z": 6,
    "inv_alpha_0_pred": 137.5978093229735,
    "inv_alpha_0_frac_err": 0.004099727390823165,
    "inv_alpha_0_sigma": 26752868.522547282,
    "v_EW_pred": 245.86880401992036,
    "v_EW_frac_err": 0.001426350337420346,
    "v_EW_sigma": 17.55979900398188,
    "n_s_pred": 0.9684358820412966,
    "n_s_frac_err": 0.0036645062092409814,
    "n_s_sigma": 0.841876676499196,
    "delta_cp_pred": 1.1928318537856692,
    "delta_cp_frac_err": 0.0026489516842229956,
    "delta_cp_sigma": 0.07040324920734894,
    "score_core": 0.003069384300158979,
    "score_all": 0.003133998673700996,
    "score_core_sigma": 18917134.74848939
  },
  "viable_regions": {
    "5pct_core": {
      "viable_count": 321,
      "threshold": 0.05,
      "score_key": "score_core",
      "families": [
        {
          "z": 5,
          "p_min": 105971,
          "p_max": 109721,
          "p_center": 107632,
          "count": 8,
          "contains_baseline": false
        },
        {
          "z": 6,
          "p_min": 99761,
          "p_max": 109721,
          "p_center": 104399,
          "count": 157,
          "contains_baseline": true
        },
        {
          "z": 7,
          "p_min": 99761,
          "p_max": 109097,
          "p_center": 104396,
          "count": 156,
          "contains_baseline": true
        }
      ]
    },
    "1pct_core": {
      "viable_count": 96,
      "threshold": 0.01,
      "score_key": "score_core",
      "families": [
        {
          "z": 6,
          "p_min": 104161,
          "p_max": 109721,
          "p_center": 104736,
          "count": 96,
          "contains_baseline": true
        }
      ]
    }
  },
  "pareto_count": 246,
  "observable_constraints": {
    "inv_alpha_0_frac_err_p_range": 0.19946,
    "inv_alpha_0_frac_err_p_slope": -2.404e-06,
    "inv_alpha_0_frac_err_z_range": 0.022153,
    "v_EW_frac_err_p_range": 0.39953,
    "v_EW_frac_err_p_slope": -4.931e-06,
    "v_EW_frac_err_z_range": 0.360802,
    "n_s_frac_err_p_range": 0.010788,
    "n_s_frac_err_p_slope": -1.22e-07,
    "n_s_frac_err_z_range": 4e-05,
    "delta_cp_frac_err_p_range": 0.0,
    "delta_cp_frac_err_p_slope": 0.0,
    "delta_cp_frac_err_z_range": 0.166711
  },
  "top_10_alternatives": [
    {
      "p": 107323,
      "z": 6,
      "inv_alpha_0_pred": 137.5978093229735,
      "inv_alpha_0_frac_err": 0.004099727390823165,
      "inv_alpha_0_sigma": 26752868.522547282,
      "v_EW_pred": 245.86880401992036,
      "v_EW_frac_err": 0.001426350337420346,
      "v_EW_sigma": 17.55979900398188,
      "n_s_pred": 0.9684358820412966,
      "n_s_frac_err": 0.0036645062092409814,
      "n_s_sigma": 0.841876676499196,
      "delta_cp_pred": 1.1928318537856692,
      "delta_cp_frac_err": 0.0026489516842229956,
      "delta_cp_sigma": 0.07040324920734894,
      "score_core": 0.003069384300158979,
      "score_all": 0.003133998673700996,
      "score_core_sigma": 18917134.74848939
    },
    {
      "p": 106801,
      "z": 6,
      "inv_alpha_0_pred": 137.48487704612822,
      "inv_alpha_0_frac_err": 0.0032756207502312572,
      "inv_alpha_0_sigma": 21375141.053724855,
      "v_EW_pred": 245.3927344491079,
      "v_EW_frac_err": 0.00335986333722725,
      "v_EW_sigma": 41.36327754460467,
      "n_s_pred": 0.9683845413897061,
      "n_s_frac_err": 0.003611297947669301,
      "n_s_sigma": 0.8296527118347877,
      "delta_cp_pred": 1.1928318537856692,
      "delta_cp_frac_err": 0.0026489516842229956,
      "delta_cp_sigma": 0.07040324920734894,
      "score_core": 0.0033180094141057994,
      "score_all": 0.00324333126724583,
      "score_core_sigma": 15114507.187936109
    },
    {
      "p": 107941,
      "z": 6,
      "inv_alpha_0_pred": 137.73086376055124,
      "inv_alpha_0_frac_err": 0.005070672532735806,
      "inv_alpha_0_sigma": 33088794.121487994,
      "v_EW_pred": 246.43059566594252,
      "v_EW_frac_err": 0.0008553150269779885,
      "v_EW_sigma": 10.529783297126016,
      "n_s_pred": 0.9684962359111003,
      "n_s_frac_err": 0.0037270555613020677,
      "n_s_sigma": 0.856246645500087,
      "delta_cp_pred": 1.1928318537856692,
      "delta_cp_frac_err": 0.0026489516842229956,
      "delta_cp_sigma": 0.07040324920734894,
      "score_core": 0.0036361575687541177,
      "score_all": 0.0034406093905003307,
      "score_core_sigma": 23397310.704590917
    },
    {
      "p": 106367,
      "z": 6,
      "inv_alpha_0_pred": 137.3905985628258,
      "inv_alpha_0_frac_err": 0.0025876374178761792,
      "inv_alpha_0_sigma": 16885689.46789544,
      "v_EW_pred": 244.9958350140867,
      "v_EW_frac_err": 0.004971834074865123,
      "v_EW_sigma": 61.20824929566453,
      "n_s_pred": 0.9683416004727476,
      "n_s_frac_err": 0.003566794976420006,
      "n_s_sigma": 0.819428683987539,
      "delta_cp_pred": 1.1928318537856692,
      "delta_cp_frac_err": 0.0026489516842229956,
      "delta_cp_sigma": 0.07040324920734894,
      "score_core": 0.003963268945856617,
      "score_all": 0.0035761002818554205,
      "score_core_sigma": 11939985.527837574
    },
    {
      "p": 108499,
      "z": 6,
      "inv_alpha_0_pred": 137.85040367289852,
      "inv_alpha_0_frac_err": 0.005942997419235177,
      "inv_alpha_0_sigma": 38781170.899929814,
      "v_EW_pred": 246.9361534000596,
      "v_EW_frac_err": 0.002908591503775471,
      "v_EW_sigma": 35.80767000297982,
      "n_s_pred": 0.9685503357112202,
      "n_s_frac_err": 0.003783123340470721,
      "n_s_sigma": 0.8691275502905235,
      "delta_cp_pred": 1.1928318537856692,
      "delta_cp_frac_err": 0.0026489516842229956,
      "delta_cp_sigma": 0.07040324920734894,
      "score_core": 0.004678628156889092,
      "score_all": 0.004034479213462161,
      "score_core_sigma": 27422428.925706465
    },
    {
      "p": 105971,
      "z": 6,
      "inv_alpha_0_pred": 137.30426774211705,
      "inv_alpha_0_frac_err": 0.0019576509815687833,
      "inv_alpha_0_sigma": 12774698.00557388,
      "v_EW_pred": 244.63282032372598,
      "v_EW_frac_err": 0.006446185022638368,
      "v_EW_sigma": 79.35898381370095,
      "n_s_pred": 0.9683022150355142,
      "n_s_frac_err": 0.003525976821965166,
      "n_s_sigma": 0.8100511989319498,
      "delta_cp_pred": 1.1928318537856692,
      "delta_cp_frac_err": 0.0026489516842229956,
      "delta_cp_sigma": 0.07040324920734894,
      "score_core": 0.004763701224453756,
      "score_all": 0.004026014042639067,